time_Minutes 	 Time_Days 	 Task_perc 	 CPUTime_s 	 WallTime_s 	 Num_fcall 
1440.00 	 1.00 	 0.00 	 15856247.37 	 15856247.37 	 0 
2880.00 	 2.00 	 1.11 	 17.42 	 17.42 	 385 
4320.00 	 3.00 	 2.22 	 15.06 	 15.06 	 322 
5760.00 	 4.00 	 3.33 	 16.58 	 16.58 	 361 
7200.00 	 5.00 	 4.44 	 16.74 	 16.74 	 371 
8640.00 	 6.00 	 5.56 	 16.20 	 16.20 	 356 
10080.00 	 7.00 	 6.67 	 15.65 	 15.65 	 339 
11520.00 	 8.00 	 7.78 	 15.18 	 15.18 	 326 
12960.00 	 9.00 	 8.89 	 14.34 	 14.34 	 299 
14400.00 	 10.00 	 10.00 	 13.58 	 13.58 	 283 
15840.00 	 11.00 	 11.11 	 13.76 	 13.76 	 286 
17280.00 	 12.00 	 12.22 	 14.29 	 14.29 	 304 
18720.00 	 13.00 	 13.33 	 15.08 	 15.08 	 327 
20160.00 	 14.00 	 14.44 	 15.50 	 15.50 	 341 
21600.00 	 15.00 	 15.56 	 16.24 	 16.24 	 363 
23040.00 	 16.00 	 16.67 	 16.67 	 16.67 	 374 
24480.00 	 17.00 	 17.78 	 16.96 	 16.96 	 381 
25920.00 	 18.00 	 18.89 	 17.65 	 17.65 	 399 
27360.00 	 19.00 	 20.00 	 17.65 	 17.65 	 402 
28800.00 	 20.00 	 21.11 	 17.65 	 17.65 	 406 
30240.00 	 21.00 	 22.22 	 17.93 	 17.93 	 415 
31680.00 	 22.00 	 23.33 	 18.12 	 18.12 	 421 
33120.00 	 23.00 	 24.44 	 18.87 	 18.87 	 441 
34560.00 	 24.00 	 25.56 	 17.52 	 17.52 	 403 
36000.00 	 25.00 	 26.67 	 17.80 	 17.80 	 411 
37440.00 	 26.00 	 27.78 	 18.57 	 18.57 	 425 
38880.00 	 27.00 	 28.89 	 18.68 	 18.68 	 421 
40320.00 	 28.00 	 30.00 	 18.18 	 18.18 	 416 
41760.00 	 29.00 	 31.11 	 18.04 	 18.04 	 410 
43200.00 	 30.00 	 32.22 	 17.70 	 17.70 	 401 
44640.00 	 31.00 	 33.33 	 18.19 	 18.19 	 398 
46080.00 	 32.00 	 34.44 	 18.15 	 18.15 	 411 
47520.00 	 33.00 	 35.56 	 18.23 	 18.23 	 418 
48960.00 	 34.00 	 36.67 	 18.45 	 18.45 	 422 
50400.00 	 35.00 	 37.78 	 18.57 	 18.57 	 425 
51840.00 	 36.00 	 38.89 	 19.02 	 19.02 	 432 
53280.00 	 37.00 	 40.00 	 19.19 	 19.19 	 432 
54720.00 	 38.00 	 41.11 	 18.91 	 18.91 	 432 
56160.00 	 39.00 	 42.22 	 16.77 	 16.77 	 375 
57600.00 	 40.00 	 43.33 	 17.46 	 17.46 	 384 
59040.00 	 41.00 	 44.44 	 17.56 	 17.56 	 397 
60480.00 	 42.00 	 45.56 	 18.36 	 18.36 	 414 
61920.00 	 43.00 	 46.67 	 16.51 	 16.51 	 372 
63360.00 	 44.00 	 47.78 	 16.72 	 16.72 	 373 
64800.00 	 45.00 	 48.89 	 16.76 	 16.76 	 374 
66240.00 	 46.00 	 50.00 	 16.50 	 16.50 	 373 
67680.00 	 47.00 	 51.11 	 16.63 	 16.63 	 373 
69120.00 	 48.00 	 52.22 	 16.47 	 16.47 	 367 
70560.00 	 49.00 	 53.33 	 16.34 	 16.34 	 367 
72000.00 	 50.00 	 54.44 	 16.89 	 16.89 	 380 
73440.00 	 51.00 	 55.56 	 16.85 	 16.85 	 378 
74880.00 	 52.00 	 56.67 	 16.64 	 16.64 	 374 
76320.00 	 53.00 	 57.78 	 16.71 	 16.71 	 377 
77760.00 	 54.00 	 58.89 	 16.77 	 16.77 	 372 
79200.00 	 55.00 	 60.00 	 17.24 	 17.24 	 395 
80640.00 	 56.00 	 61.11 	 17.82 	 17.82 	 411 
82080.00 	 57.00 	 62.22 	 18.19 	 18.19 	 418 
83520.00 	 58.00 	 63.33 	 17.60 	 17.60 	 394 
84960.00 	 59.00 	 64.44 	 18.11 	 18.11 	 410 
86400.00 	 60.00 	 65.56 	 18.95 	 18.95 	 430 
87840.00 	 61.00 	 66.67 	 17.80 	 17.80 	 403 
89280.00 	 62.00 	 67.78 	 18.54 	 18.54 	 427 
90720.00 	 63.00 	 68.89 	 17.86 	 17.86 	 409 
92160.00 	 64.00 	 70.00 	 18.81 	 18.81 	 422 
93600.00 	 65.00 	 71.11 	 18.70 	 18.70 	 425 
95040.00 	 66.00 	 72.22 	 18.38 	 18.38 	 420 
96480.00 	 67.00 	 73.33 	 18.17 	 18.17 	 417 
97920.00 	 68.00 	 74.44 	 18.87 	 18.87 	 428 
99360.00 	 69.00 	 75.56 	 18.51 	 18.51 	 418 
100800.00 	 70.00 	 76.67 	 18.45 	 18.45 	 425 
102240.00 	 71.00 	 77.78 	 19.13 	 19.13 	 436 
103680.00 	 72.00 	 78.89 	 19.93 	 19.93 	 450 
105120.00 	 73.00 	 80.00 	 19.06 	 19.06 	 431 
106560.00 	 74.00 	 81.11 	 19.03 	 19.03 	 432 
108000.00 	 75.00 	 82.22 	 18.85 	 18.85 	 432 
109440.00 	 76.00 	 83.33 	 18.81 	 18.81 	 432 
110880.00 	 77.00 	 84.44 	 18.37 	 18.37 	 432 
112320.00 	 78.00 	 85.56 	 18.40 	 18.40 	 432 
113760.00 	 79.00 	 86.67 	 18.38 	 18.38 	 432 
115200.00 	 80.00 	 87.78 	 18.37 	 18.37 	 432 
116640.00 	 81.00 	 88.89 	 18.44 	 18.44 	 432 
118080.00 	 82.00 	 90.00 	 18.45 	 18.45 	 432 
119520.00 	 83.00 	 91.11 	 18.51 	 18.51 	 432 
120960.00 	 84.00 	 92.22 	 18.50 	 18.50 	 432 
122400.00 	 85.00 	 93.33 	 18.38 	 18.38 	 432 
123840.00 	 86.00 	 94.44 	 18.40 	 18.40 	 432 
125280.00 	 87.00 	 95.56 	 18.36 	 18.36 	 432 
126720.00 	 88.00 	 96.67 	 19.48 	 19.48 	 452 
128160.00 	 89.00 	 97.78 	 19.06 	 19.06 	 446 
129600.00 	 90.00 	 98.89 	 18.34 	 18.34 	 432 
131040.00 	 91.00 	 100.00 	 19.26 	 19.26 	 455 
