case	N	maxl	rep	wall_s	nfe	nfeLS	nni	nli	nsetups	netf	nst	npe	nps	ncfn	ncfl	lenrw	leniw	lenrwLS	leniwLS	rivqdown_sha12	prov_log_count
heihe	1	5	1	149.31	6943	12632	6942	12632	0	0	6698	0	0	7	85	277730	53	256338	42	a2023ccd2de4	1
heihe	1	5	2	148.43	6943	12632	6942	12632	0	0	6698	0	0	7	85	277730	53	256338	42	a2023ccd2de4	1
heihe	1	5	3	127.77	6943	12632	6942	12632	0	0	6698	0	0	7	85	277730	53	256338	42	a2023ccd2de4	1
heihe	1	10	1	151.08	6813	12581	6812	12581	0	0	6549	0	0	5	0	277730	53	363223	47	e4e9721cf667	1
heihe	1	10	2	138.27	6813	12581	6812	12581	0	0	6549	0	0	5	0	277730	53	363223	47	e4e9721cf667	1
heihe	1	10	3	138.56	6813	12581	6812	12581	0	0	6549	0	0	5	0	277730	53	363223	47	e4e9721cf667	1
heihe	1	15	1	133.56	6813	12581	6812	12581	0	0	6549	0	0	5	0	277730	53	470158	52	e4e9721cf667	1
heihe	1	15	2	133.52	6813	12581	6812	12581	0	0	6549	0	0	5	0	277730	53	470158	52	e4e9721cf667	1
heihe	1	15	3	146.14	6813	12581	6812	12581	0	0	6549	0	0	5	0	277730	53	470158	52	e4e9721cf667	1
heihe	1	20	1	133.64	6813	12581	6812	12581	0	0	6549	0	0	5	0	277730	53	577143	57	e4e9721cf667	1
heihe	1	20	2	133.52	6813	12581	6812	12581	0	0	6549	0	0	5	0	277730	53	577143	57	e4e9721cf667	1
heihe	1	20	3	127.31	6813	12581	6812	12581	0	0	6549	0	0	5	0	277730	53	577143	57	e4e9721cf667	1
heihe	1	30	1	130.55	6813	12581	6812	12581	0	0	6549	0	0	5	0	277730	53	791263	67	e4e9721cf667	1
heihe	1	30	2	130.64	6813	12581	6812	12581	0	0	6549	0	0	5	0	277730	53	791263	67	e4e9721cf667	1
heihe	1	30	3	134.06	6813	12581	6812	12581	0	0	6549	0	0	5	0	277730	53	791263	67	e4e9721cf667	1
heihe	8	5	1	135.26	6943	12632	6942	12632	0	0	6698	0	0	7	85	277730	53	256338	42	a2023ccd2de4	1
heihe	8	5	2	143.11	6943	12632	6942	12632	0	0	6698	0	0	7	85	277730	53	256338	42	a2023ccd2de4	1
heihe	8	5	3	143.11	6943	12632	6942	12632	0	0	6698	0	0	7	85	277730	53	256338	42	a2023ccd2de4	1
heihe	8	10	1	141.99	6813	12581	6812	12581	0	0	6549	0	0	5	0	277730	53	363223	47	e4e9721cf667	1
heihe	8	10	2	149.54	6813	12581	6812	12581	0	0	6549	0	0	5	0	277730	53	363223	47	e4e9721cf667	1
heihe	8	10	3	149.80	6813	12581	6812	12581	0	0	6549	0	0	5	0	277730	53	363223	47	e4e9721cf667	1
heihe	8	15	1	151.44	6813	12581	6812	12581	0	0	6549	0	0	5	0	277730	53	470158	52	e4e9721cf667	1
heihe	8	15	2	127.52	6813	12581	6812	12581	0	0	6549	0	0	5	0	277730	53	470158	52	e4e9721cf667	1
heihe	8	15	3	140.17	6813	12581	6812	12581	0	0	6549	0	0	5	0	277730	53	470158	52	e4e9721cf667	1
heihe	8	20	1	141.13	6813	12581	6812	12581	0	0	6549	0	0	5	0	277730	53	577143	57	e4e9721cf667	1
heihe	8	20	2	133.80	6813	12581	6812	12581	0	0	6549	0	0	5	0	277730	53	577143	57	e4e9721cf667	1
heihe	8	20	3	133.38	6813	12581	6812	12581	0	0	6549	0	0	5	0	277730	53	577143	57	e4e9721cf667	1
heihe	8	30	1	133.40	6813	12581	6812	12581	0	0	6549	0	0	5	0	277730	53	791263	67	e4e9721cf667	1
heihe	8	30	2	132.59	6813	12581	6812	12581	0	0	6549	0	0	5	0	277730	53	791263	67	e4e9721cf667	1
heihe	8	30	3	141.04	6813	12581	6812	12581	0	0	6549	0	0	5	0	277730	53	791263	67	e4e9721cf667	1
heihe_x4	1	5	1	1498.68	6741	30509	6740	30509	0	0	6575	0	0	51	3620	1617224	53	1492794	42	b5e4b0a2cf83	1
heihe_x4	1	5	2	1484.22	6741	30509	6740	30509	0	0	6575	0	0	51	3620	1617224	53	1492794	42	b5e4b0a2cf83	1
heihe_x4	1	5	3	1489.76	6741	30509	6740	30509	0	0	6575	0	0	51	3620	1617224	53	1492794	42	b5e4b0a2cf83	1
heihe_x4	1	10	1	1489.71	6551	37219	6550	37219	0	0	6496	0	0	0	0	1617224	53	2114869	47	d3d03476b6b7	1
heihe_x4	1	10	2	1621.34	6551	37219	6550	37219	0	0	6496	0	0	0	0	1617224	53	2114869	47	d3d03476b6b7	1
heihe_x4	1	10	3	1591.93	6551	37219	6550	37219	0	0	6496	0	0	0	0	1617224	53	2114869	47	d3d03476b6b7	1
heihe_x4	1	15	1	1624.74	6551	37219	6550	37219	0	0	6496	0	0	0	0	1617224	53	2736994	52	d3d03476b6b7	1
heihe_x4	1	15	2	1570.76	6551	37219	6550	37219	0	0	6496	0	0	0	0	1617224	53	2736994	52	d3d03476b6b7	1
heihe_x4	1	15	3	1700.44	6551	37219	6550	37219	0	0	6496	0	0	0	0	1617224	53	2736994	52	d3d03476b6b7	1
heihe_x4	1	20	1	1692.83	6551	37219	6550	37219	0	0	6496	0	0	0	0	1617224	53	3359169	57	d3d03476b6b7	1
heihe_x4	1	20	2	1688.34	6551	37219	6550	37219	0	0	6496	0	0	0	0	1617224	53	3359169	57	d3d03476b6b7	1
heihe_x4	1	20	3	1716.53	6551	37219	6550	37219	0	0	6496	0	0	0	0	1617224	53	3359169	57	d3d03476b6b7	1
heihe_x4	1	30	1	1813.52	6551	37219	6550	37219	0	0	6496	0	0	0	0	1617224	53	4603669	67	d3d03476b6b7	1
heihe_x4	1	30	2	1725.63	6551	37219	6550	37219	0	0	6496	0	0	0	0	1617224	53	4603669	67	d3d03476b6b7	1
heihe_x4	1	30	3	1527.62	6551	37219	6550	37219	0	0	6496	0	0	0	0	1617224	53	4603669	67	d3d03476b6b7	1
heihe_x4	8	5	1	1372.04	6741	30509	6740	30509	0	0	6575	0	0	51	3620	1617224	53	1492794	42	b5e4b0a2cf83	1
heihe_x4	8	5	2	1371.92	6741	30509	6740	30509	0	0	6575	0	0	51	3620	1617224	53	1492794	42	b5e4b0a2cf83	1
heihe_x4	8	5	3	1414.85	6741	30509	6740	30509	0	0	6575	0	0	51	3620	1617224	53	1492794	42	b5e4b0a2cf83	1
heihe_x4	8	10	1	1627.32	6551	37219	6550	37219	0	0	6496	0	0	0	0	1617224	53	2114869	47	d3d03476b6b7	1
heihe_x4	8	10	2	1687.26	6551	37219	6550	37219	0	0	6496	0	0	0	0	1617224	53	2114869	47	d3d03476b6b7	1
heihe_x4	8	10	3	1699.39	6551	37219	6550	37219	0	0	6496	0	0	0	0	1617224	53	2114869	47	d3d03476b6b7	1
heihe_x4	8	15	1	1681.24	6551	37219	6550	37219	0	0	6496	0	0	0	0	1617224	53	2736994	52	d3d03476b6b7	1
heihe_x4	8	15	2	1588.95	6551	37219	6550	37219	0	0	6496	0	0	0	0	1617224	53	2736994	52	d3d03476b6b7	1
heihe_x4	8	15	3	1587.81	6551	37219	6550	37219	0	0	6496	0	0	0	0	1617224	53	2736994	52	d3d03476b6b7	1
heihe_x4	8	20	1	1555.46	6551	37219	6550	37219	0	0	6496	0	0	0	0	1617224	53	3359169	57	d3d03476b6b7	1
heihe_x4	8	20	2	1625.33	6551	37219	6550	37219	0	0	6496	0	0	0	0	1617224	53	3359169	57	d3d03476b6b7	1
heihe_x4	8	20	3	1717.60	6551	37219	6550	37219	0	0	6496	0	0	0	0	1617224	53	3359169	57	d3d03476b6b7	1
heihe_x4	8	30	1	1729.52	6551	37219	6550	37219	0	0	6496	0	0	0	0	1617224	53	4603669	67	d3d03476b6b7	1
heihe_x4	8	30	2	1712.59	6551	37219	6550	37219	0	0	6496	0	0	0	0	1617224	53	4603669	67	d3d03476b6b7	1
heihe_x4	8	30	3	1609.87	6551	37219	6550	37219	0	0	6496	0	0	0	0	1617224	53	4603669	67	d3d03476b6b7	1
